-- MySQL Script generated by MySQL Workbench
-- Fri Jun 26 10:50:58 2020
-- Model: New Model    Version: 1.0
-- MySQL Workbench Forward Engineering

SET @OLD_UNIQUE_CHECKS=@@UNIQUE_CHECKS, UNIQUE_CHECKS=0;
SET @OLD_FOREIGN_KEY_CHECKS=@@FOREIGN_KEY_CHECKS, FOREIGN_KEY_CHECKS=0;
SET @OLD_SQL_MODE=@@SQL_MODE, SQL_MODE='ONLY_FULL_GROUP_BY,STRICT_TRANS_TABLES,NO_ZERO_IN_DATE,NO_ZERO_DATE,ERROR_FOR_DIVISION_BY_ZERO,NO_ENGINE_SUBSTITUTION';

-- -----------------------------------------------------
-- Schema inventario
-- -----------------------------------------------------
DROP SCHEMA IF EXISTS `inventario` ;

-- -----------------------------------------------------
-- Schema inventario
-- -----------------------------------------------------
CREATE SCHEMA IF NOT EXISTS `inventario` DEFAULT CHARACTER SET utf8 ;
USE `inventario` ;

-- -----------------------------------------------------
-- Table `inventario`.`users`
-- -----------------------------------------------------
DROP TABLE IF EXISTS `inventario`.`users` ;

CREATE TABLE IF NOT EXISTS `inventario`.`users` (
  `id` INT NOT NULL AUTO_INCREMENT,
  `name` VARCHAR(100) NOT NULL,
  `rank` VARCHAR(45) NOT NULL,
  `cadre` VARCHAR(45) NOT NULL,
  `email` VARCHAR(100) UNIQUE NOT NULL,
  `unit_id` INT DEFAULT NULL,
  `password` VARCHAR(200) NOT NULL,
  `is_admin` TINYINT(1) NOT NULL DEFAULT 0,
  PRIMARY KEY (`id`),
  CONSTRAINT `user_unit_unique` UNIQUE (`email`, `unit_id`))
  -- CONSTRAINT `unit_id`
  --   FOREIGN KEY (`unit_id`)
  --   REFERENCES `inventario`.`unit` (`id`))
ENGINE = InnoDB;


--
-- Dumping data for table `users`
--
INSERT INTO `users` (`id`, `name`, `rank`, `cadre`, `email`, `unit_id`, `password`, `is_admin`) VALUES
(1, 'FLAVIO FERREIRA ALVES', '1S', 'BMT', 'flavioffa@gmail.com', 1, '$2y$10$/vC1UKrEJQUZLN2iM3U9re/4DQP74sXCOVXlYXe/j9zuv1/MHD4o.', 1),
(2, 'FRANCISCO PINHEIRO GOMES', 'Ten Cel', 'Esp Met', 'pgomesfpg@fab.mil.br', 1, '$2y$10$1v7/OqMS4IEOEF/z6g2NZujYFaj2R.FqlidNd/Vl7jm5up7yCSjBe', 0),
(3, 'JOSÉ EDUARDO GONÇALVES PLATENIK', 'Ten Cel', 'Esp Met', 'platenikjegp@fab.mil.br', 1, '$2y$10$0tEK4QM.sj8D78hvOgxZbe1lxPrKt.JWky5qd4Us82OYQddXReYWe', 0),
(5, 'JOSÉ ACHILES TRINDADE', 'Ten Cel', 'Esp Met', 'achilesjat@fab.mil.br', 1, '$2y$10$g/.T5y/V8ZQWy9jovkU.DObN/JJFmhwC4rC4X5zCy1ObJLhzI5N9W', 0),
(6, 'JARIO DO NASCIMENTO MELO', 'Ten Cel', 'Esp Met', 'nascimentojnm@fab.mil.br', 1, '$2y$10$q5sR82YllCVH/buHwYXDTerKgUUfGMYhdFdxdOuN4jnvB2FpXhyHm', 0),
(7, 'MARCELO DE LIMA NUNES', 'Ten Cel', 'Esp Met', 'marcelomln@fab.mil.br', 1, '$2y$10$QvVe17THpu28TR2A63j.t.QoNblV.ccGs8EhvZgKhN6mz4z1mXl1u', 0),
(8, 'LUIZ CLAUDIO FERNANDEZ JUNIOR', 'Maj', 'Esp Met', 'claudiolcfj@fab.mil.br', 1, '$2y$10$4kqL2sKBjP/RaUR/i/tKw.0yNeazrM5RLaBER0jqIz.myI7dgsRI2', 0),
(9, 'ALESSANA CARRIJO ROSETTE', 'Ten Cel', 'Esp Met', 'rosetteacr@fab.mil.br', 1, '$2y$10$K6HngbGlSwR.N3v7u209N.gyDpzDqZtp6D4Yq3YxUXNnp0q3qoueu', 0),
(10, 'MILTON DIAS DA SILVEIRA', 'Cap', 'Esp Met', 'silveiramds@fab.mil.br', 1, '$2y$10$UvEnARUnGKEDguOZ/7A6Vu7yRE4qVPFKaqkywHZCeSPpEyU9xitX.', 0);


-- -----------------------------------------------------
-- Table `inventario`.`units`
-- -----------------------------------------------------
DROP TABLE IF EXISTS `inventario`.`units` ;

CREATE TABLE IF NOT EXISTS `inventario`.`units` (
  `id` INT NOT NULL AUTO_INCREMENT,
  `name_unit` VARCHAR(200) NOT NULL,
  `initials_unit` VARCHAR(45) UNIQUE NOT NULL,
  `chief_id` INT DEFAULT NULL,
  PRIMARY KEY (`id`),
  CONSTRAINT `chief_id`
    FOREIGN KEY (`chief_id`)
    REFERENCES `inventario`.`users` (`id`)
    ON DELETE NO ACTION,
    ON UPDATE NO ACTION)
ENGINE = InnoDB;


--
-- Dumping data for table `units`
--

INSERT INTO `units` (`id`, `name_unit`, `initials_unit`, `chief_id`) VALUES
(1, 'CENTRO INTEGRADO DE METEOROLOGIA AERONÁUTICA', 'CIMAER', 2);


-- -----------------------------------------------------
-- Table `inventario`.`divisions`
-- -----------------------------------------------------
DROP TABLE IF EXISTS `inventario`.`divisions` ;

CREATE TABLE IF NOT EXISTS `inventario`.`divisions` (
  `id` INT NOT NULL AUTO_INCREMENT,
  `name_division` VARCHAR(100) NOT NULL,
  `initials_division` VARCHAR(45) NOT NULL,
  `chief_division_id` INT NOT NULL,
  `division_unit_id` INT NOT NULL,
  PRIMARY KEY (`id`),
  CONSTRAINT `division_unit_unique` UNIQUE (`name_division`, `division_unit_id`),
  CONSTRAINT `chief_divisions_id`
    FOREIGN KEY (`chief_division_id`)
    REFERENCES `inventario`.`users` (`id`)
    ON DELETE NO ACTION
    ON UPDATE NO ACTION,
  CONSTRAINT `division_unit_id`
    FOREIGN KEY (`division_unit_id`)
    REFERENCES `inventario`.`units` (`id`)
    ON DELETE NO ACTION
    ON UPDATE NO ACTION)
ENGINE = InnoDB;


-- -----------------------------------------------------
-- Table `inventario`.`parts`
-- -----------------------------------------------------
DROP TABLE IF EXISTS `inventario`.`parts` ;

CREATE TABLE IF NOT EXISTS `inventario`.`parts` (
  `id` INT NOT NULL AUTO_INCREMENT,
  `name_part` VARCHAR(100) NOT NULL,
  `division_id` INT NOT NULL,
  PRIMARY KEY (`id`),
  CONSTRAINT `divison_id`
    FOREIGN KEY (`division_id`)
    REFERENCES `inventario`.`divisions` (`id`)
    ON DELETE NO ACTION
    ON UPDATE NO ACTION)
ENGINE = InnoDB;


-- -----------------------------------------------------
-- Table `inventario`.`types_materials`
-- -----------------------------------------------------
DROP TABLE IF EXISTS `inventario`.`types_materials` ;

CREATE TABLE IF NOT EXISTS `inventario`.`types_materials` (
  `id` INT NOT NULL AUTO_INCREMENT,
  `name_type` VARCHAR(200) UNIQUE NOT NULL,
  PRIMARY KEY (`id`))
ENGINE = InnoDB;


--
-- Dumping data for table `types_materials`
--

INSERT INTO `types_materials` (`id`, `name_type`) VALUES
(1, 'APARELHO TELEFÔNICO'),
(2, 'AR CONDICIONADO'),
(3, 'ARMÁRIO'),
(4, 'ASPIRADOR PÓ'),
(5, 'BANCADA'),
(6, 'BANCO'),
(7, 'BAR'),
(8, 'BEBEDOURO'),
(9, 'BELICHE'),
(10, 'CADEIRA'),
(11, 'CAFETEIRA'),
(12, 'CPU'),
(13, 'CRIADO MUDO'),
(14, 'DESKTOP'),
(15, 'ESPELHO'),
(16, 'ESTABILIZADOR'),
(17, 'FILTRO'),
(18, 'FILTRO DE LINHA'),
(19, 'FOGÃO'),
(20, 'FORNO'),
(21, 'FRAGMENTADORA'),
(22, 'FREEZER'),
(23, 'FRIGOBAR'),
(24, 'FURADEIRA'),
(25, 'GAVETEIRO'),
(26, 'GELADEIRA'),
(27, 'HACK'),
(28, 'IMPRESSORA'),
(29, 'LAVADORA ALTA PRESSÃO'),
(30, 'LAVATÓRIO'),
(31, 'LIQUIDIFICADOR'),
(32, 'LIXEIRA'),
(33, 'MESA'),
(34, 'MICROONDAS'),
(35, 'MÓDULO DE REDE'),
(36, 'MONITOR'),
(37, 'MOUSE'),
(38, 'NOBREAK'),
(39, 'POLTRONA'),
(40, 'PROJETOR'),
(41, 'REFRIGERADOR'),
(42, 'SANDUICHEIRA'),
(43, 'SCANNER'),
(44, 'SERVIDOR'),
(45, 'SOFÁ'),
(46, 'SWITCH'),
(47, 'TECLADO'),
(48, 'TELEFONE'),
(49, 'TELEFONE SEM FIO'),
(50, 'TORNO'),
(51, 'TOUCH FRAME'),
(52, 'TV'),
(53, 'VIDEO CONFERÊNCIA');


-- -----------------------------------------------------
-- Table `inventario`.`models_materials`
-- -----------------------------------------------------
DROP TABLE IF EXISTS `inventario`.`models_materials` ;

CREATE TABLE IF NOT EXISTS `inventario`.`models_materials` (
  `id` INT NOT NULL AUTO_INCREMENT,
  `name_model` VARCHAR(220) NOT NULL,
  `type_id` INT NOT NULL,
  PRIMARY KEY (`id`),
  CONSTRAINT `model_type_unique` UNIQUE (`name_model`, `type_id`),
  CONSTRAINT `type_id`
    FOREIGN KEY (`type_id`)
    REFERENCES `inventario`.`types_materials` (`id`)
    ON DELETE NO ACTION
    ON UPDATE NO ACTION)
ENGINE = InnoDB;

--
-- Dumping data for table `models_materials`
--

INSERT INTO `models_materials` (`id`, `name_model`, `type_id`) VALUES
(1, 'ALCATEL-LUCENT', 48),
(2, 'ARMÁRIO 02 PORTAS ALTO FECHADO COR CREME', 3),
(3, 'ARMÁRIO 02 PORTAS ESCRITÓRIO COR CREME', 3),
(4, 'ARMÁRIO BAIXO 04 PORTAS COR CREME', 3),
(5, 'ARMÁRIO BAIXO FECHADO DUAS PORTAS-A1 COR ARGILA', 3),
(6, 'ARMÁRIO DE AÇO COM 2 PORTAS TIPO 2', 3),
(7, 'ARMÁRIO DE FERRO TIPO ROUPEIRO C/3 PORTA NA COR AZUL', 3),
(8, 'ARMÁRIO DE MADEIRA 4 PORTAS COM 4 GAVETAS COR MOGNO', 3),
(9, 'ARMÁRIO DE MADEIRA 4 PORTAS NA COR MOGNO', 3),
(10, 'ARMÁRIO DE PAREDE SUSPENSO, EM MADEIRA COM 3 PORTAS, 2 NICHOS NA COR MOGNO', 3),
(11, 'ARMÁRIO DE PAREDE SUSPENSO, EM MADEIRA COM 4 PORTAS NA COR MOGNO', 3),
(12, 'ASPIRADOR DE PÓ WAP', 4),
(13, 'BANCADA EMBORRACHADA DE MANUTENÇÃO, EM MADEIRA C/4 GAVETAS; 8 PORTAS; 6 TOMADAS E PAINEL DE EUCATEX FURADO, NA COR MÓGNO', 5),
(14, 'BANCO ALTO ESTOFADO DE FERRO NA COR PRETA', 6),
(15, 'BANCO DE MADEIRA ALTO ESTOFADO COR NOZES', 6),
(16, 'BAR MÓVEL DE MADEIRA', 7),
(148, 'BASIC IP PHONE', 48),
(17, 'BEBEDOURO 4 BICAS, CÂNOVAS, INOX', 8),
(18, 'BEBEDOURO PRESSÃO PRESS LIBELL INOX 127V 60HZ', 8),
(19, 'BELICHE DE MADEIRA C/ 2 COLCHÕES ORTOBOM E 02 CAPAS ANTI-ALÉRGICAS', 9),
(20, 'CADEIRA ALTA, COR PRETA PARA BANCADA DE MANUTENÇÃO', 10),
(21, 'CADEIRA DE MADEIRA COR MOGNO', 10),
(22, 'CADEIRA FIXA COM ESTRUTURA CROMADA-C3 – COR PRETA', 10),
(23, 'CADEIRA GIRATÓRIA C/ BRAÇO; COR PRETA; C/ COSTAS ALTA', 10),
(24, 'CADEIRA GIRATÓRIA C/ BRAÇO; COR PRETA; C/ COSTAS BAIXA', 10),
(25, 'CADEIRA GIRATÓRIA OPERACIONAL', 10),
(26, 'CAFETEIRA INDUSTRIAL', 11),
(27, 'CAFETEIRA INDUSTRIAL CONSERCAF 3L', 11),
(147, 'CISCO FLEXTACK-PLUS STACKI', 35),
(28, 'CISCO IP PHONE 7931', 46),
(29, 'CISCO SYSTEMS', 46),
(123, 'CISCO SYSTEMS IP PHONE 7906 SERIES', 48),
(126, 'CISCO SYSTEMS IP PHONE 7941 SERIES', 48),
(30, 'CISCO SYSTEMS IP PHONE 7961 SERIES', 46),
(31, 'COR BRANCA, MOD CRM39ABANA 340L', 41),
(32, 'COR PRETO, MOD AS-01', 42),
(33, 'COR PRETO, MOD C.1000', 21),
(34, 'COR PRETO, MOD C.1001', 21),
(35, 'COR PRETO, MOD TS3110', 49),
(36, 'CPU DELL OPTIPLEX 7060 TOWER', 12),
(37, 'CRIADO MUDO DE MADEIRA COR CREME COM 03 GAVETAS E CHAVES', 13),
(38, 'DELL 9020', 12),
(39, 'DELL OPTIPLEX 5050', 12),
(40, 'DELL OPTIPLEX 7010', 12),
(41, 'DELL VOSTRO', 12),
(140, 'DESKTOP LENOVO CORE I5, HD 500GB, 4 GB RAM', 14),
(42, 'DIAMANTE 800 900W 2,6L', 31),
(43, 'DISPLAY UNIT, 19 INC', 36),
(44, 'ESPELHO COM MOLDURA EM MADEIRA COR BRANCO', 15),
(127, 'ESTABILIZADOR ENERMAX', 16),
(45, 'ESTABILIZADOR MICROLINE 3', 16),
(46, 'ESTABILIZADOR SMS', 16),
(47, 'FILTRO DE LINHA', 18),
(48, 'FILTRO ELÉTRICO C/ 2 TORNEIRAS, BRANCO', 17),
(49, 'FOGÃO INDUSTRIAL 4 BOCAS COM FORNO', 19),
(50, 'FORNO ELÉTRICO 46L', 20),
(51, 'FORNO MICROONDAS 31L 127V MIDEA MTFB41', 34),
(52, 'FORNO TOSTADOR', 20),
(53, 'FORNO TOSTADOR MARCA OSTER', 20),
(54, 'FREEZER HORIZONTAL 2 PORTAS BRANCO', 22),
(55, 'FRIGOBAR CONSUL 117 LITROS, COR BRANCA, MODELO CRC12', 23),
(56, 'FROST FREE BRANCA MOD CRM5488ANA', 41),
(57, 'FURADEIRA MAKITA', 24),
(58, 'GAVETEIRO ESCRITÓRIO 03 GAVETAS 0,40M X 0,47M X 0,55M', 25),
(59, 'GAVETEIRO JUNÇÃO COM 4 GAVETAS CAIXA EM MDP-G1 COR ARGILA', 25),
(60, 'GAVETEIRO VOLANTE COM 03 GAVETAS', 25),
(61, 'GELADEIRA 400 LITROS, DUPLEX, BRANCA', 26),
(62, 'GELADEIRA BRASTEMP, 500 LITROS, DUPLEX, BRANCA', 26),
(63, 'HACK DE MADEIRA C/ PAINEL', 27),
(64, 'HACK DE MADEIRA C/ PAINEL COR MOGNO', 27),
(65, 'HP COLOR LASER JET PRO MFP M277 DW', 28),
(66, 'HP HEWLETT-PACKARD', 12),
(67, 'IMPRESSORA DESIGNJET T2530 36-1', 28),
(68, 'IMPRESSORA LASER JET PRO MFP M227 FDW', 28),
(69, 'INTELBRAS PLENO', 48),
(70, 'IP TOUCHO MOD 4018', 1),
(71, 'KIT DE VIDEOCONFERÊNCIA LOGITECH (CÂMERA, AUTOFALANTE, MICROFONE (2) CONTROLE REMOTO, SUPORTE, CABOS', 53),
(72, 'KODAK PERFECT PAGE', 43),
(73, 'LAVADORA DE ALTA PRESSÃO WAP', 29),
(74, 'LAVATÓRIO COM ARMÁRIO DE MADEIRA COR BRANCO COM 03 GAVETAS E 02 PORTAS', 30),
(75, 'MESA ANGULAR', 33),
(76, 'MESA ANGULAR DE ESCRITÓRIO NA COR CREME', 33),
(77, 'MESA DE CANTO ALTA DE FERRO COR PRETA', 33),
(78, 'MESA DE CANTO ALTA DE MADEIRA COR MOGNO 0,50M X 0,50M', 33),
(79, 'MESA DE JANTAR DE MADEIRA COR MOGNO 2,5M X 1,00M', 33),
(80, 'MESA DE REUNIÃO REDONDA-M3 COR ARGILA', 33),
(81, 'MESA DELTA NOTA SMART, COM PASSA FIOS E CALHA PASSA PASSAGEM DE FIOS-M2 COR ARGILA', 33),
(82, 'MESA RETA DE ESCRITÓRIO 1,40M X 0,60M', 33),
(83, 'MESA RETA DE ESCRITÓRIO 1,40M X 0,60M COR CREME', 33),
(84, 'MESA RETA DE ESCRITÓRIO COR CREME 1,40M X 0,60M', 33),
(85, 'MICROCOMPUTADOR DESKTOP THINKCENTRE  M910S SFF/WINDOWS 10 PRO, C/ADAPTADOR  SUPORTE TC, MOUSE E TECL', 12),
(86, 'MICROONDAS ELETROLUX COR BRANCO', 34),
(87, 'MONITOR DE LCD LENOVO DE 23\"', 36),
(88, 'MONITOR DELL', 36),
(89, 'MONITOR DELL P2217', 36),
(142, 'MONITOR LCD LENOVO T-241-10 23,8\" PN-6ICE-MAR2WW', 36),
(90, 'MONITOR LCD T-241-10 23,8', 36),
(141, 'MONITOR LENOVO DE 19 POLEGADAS LS1921', 36),
(91, 'MONITOR PHILIPS', 36),
(92, 'MONITOR SYNC MASTER', 36),
(93, 'MOUSE', 37),
(94, 'MOUSE DELL', 37),
(95, 'MOUSE HP', 37),
(139, 'NO BREAK ECOPOWER 3KVA', 38),
(133, 'NOBREAK SERRANA 1600 VA', 38),
(96, 'PH Z2 G4 TOWER WORKS', 12),
(97, 'POLTRONA 01 LUGAR COR AZUL', 39),
(98, 'POLTRONA DIRETOR GIRATÓRIA BACK SYSTEM COM BRAÇOS-C1 – COR PRETA', 39),
(99, 'POLTRONA NA COR PRETA', 39),
(100, 'POLTRONA PRESIDENTE GIRATÓRIA BACK SYSTEM COM BRAÇOS-C2 – COR PRETA', 39),
(136, 'PROJETOR EPSON WXGA', 40),
(101, 'RACK DE 19”, 02 PDUS COM 20 TOMADAS IEC; NÚMERO E242296  + ACESSÓRIOS', 27),
(102, 'RADVISION SCOPIA XT EXECUTIVE 240', 53),
(103, 'REF 94540024', 32),
(104, 'SANDUICHEIRA INOX', 42),
(138, 'SERVIDOR DELL MOD R630', 44),
(105, 'SOFÁ 02 LUGARES COR CINZA', 45),
(106, 'SOFÁ 03 LUGARES NA COR PRETA', 45),
(145, 'SPLIT ELGIN ECOINVERTER UNIDADE INTERNA', 2),
(107, 'SWITCH CISCO 24P', 46),
(108, 'SWITCH CISCO CATALYST 2960-X 48 PORTAS GIGAETHERNET POE', 46),
(109, 'SWITCH DELL POWER CONECT', 46),
(110, 'SWITCH LINKSYS (CISCO)', 46),
(111, 'TECLADO', 47),
(112, 'TECLADO DELL', 47),
(113, 'TECLADO LENOVO', 47),
(144, 'TELA INTERATIVA - PN: LE-55', 51),
(114, 'TELECONE ALCATEL-LUCENT', 48),
(115, 'TELEVISÃO 55\" UHD 4K - SMART TV', 52),
(116, 'TORNO DE BANCADA 8', 50),
(117, 'TV 43”', 52),
(118, 'TV 55\"', 52),
(119, 'TV 65” 4K LED', 52),
(120, 'TV SAMSUNG 50\" UHDTV', 52),
(121, 'TV SMART LED ANDROID UHDTV 65\"', 52),
(122, 'TV SMART LED FULL HD 43\"', 52);


-- -----------------------------------------------------
-- Table `inventario`.`manufacturers`
-- -----------------------------------------------------
DROP TABLE IF EXISTS `inventario`.`manufacturers` ;

CREATE TABLE IF NOT EXISTS `inventario`.`manufacturers` (
  `id` INT NOT NULL AUTO_INCREMENT,
  `name_manufacturer` VARCHAR(100) UNIQUE NOT NULL,
  PRIMARY KEY (`id`))
ENGINE = InnoDB;


-- -----------------------------------------------------
-- Table `inventario`.`status`
-- -----------------------------------------------------
DROP TABLE IF EXISTS `inventario`.`status` ;

CREATE TABLE IF NOT EXISTS `inventario`.`status` (
  `id` INT NOT NULL AUTO_INCREMENT,
  `name_status` VARCHAR(45) UNIQUE NOT NULL,
  `color_status` VARCHAR(20) UNIQUE NOT NULL,
  PRIMARY KEY (`id`))
ENGINE = InnoDB;


-- -----------------------------------------------------
-- Table `inventario`.`conditions`
-- -----------------------------------------------------
DROP TABLE IF EXISTS `inventario`.`conditions` ;

CREATE TABLE IF NOT EXISTS `inventario`.`conditions` (
  `id` INT NOT NULL AUTO_INCREMENT,
  `name_condition` VARCHAR(45) UNIQUE NOT NULL,
  `color_condition` VARCHAR(45) UNIQUE NOT NULL,
  PRIMARY KEY (`id`))
ENGINE = InnoDB;


-- -----------------------------------------------------
-- Table `inventario`.`materials`
-- -----------------------------------------------------
DROP TABLE IF EXISTS `inventario`.`materials` ;

CREATE TABLE IF NOT EXISTS `inventario`.`materials` (
  `id` INT NOT NULL AUTO_INCREMENT,
  `model_id` INT NOT NULL,
  `type_material_id` INT NOT NULL,
  `manufacturer_id` INT NULL,
  `fk_division_id` INT(10) NOT NULL,
  `part_id` INT NULL,
  `room` INT NULL,
  `origin` VARCHAR(45) NULL,
  `number_unit` INT UNIQUE NOT NULL,
  `number_bmp` INT UNIQUE DEFAULT NULL,
  `number_metallic` INT UNIQUE DEFAULT NULL,
  `number_serial` VARCHAR(100) NULL,
  `status_id` INT(10) NOT NULL,
  `condition_id` INT(2) NOT NULL,
  `gmm_cautela` VARCHAR(100) NULL,
  `obs` VARCHAR(300) NULL,
  `qrcode` VARCHAR(200) NULL,
  PRIMARY KEY (`id`),
  CONSTRAINT `type_mat_id`
    FOREIGN KEY (`type_material_id`)
    REFERENCES `inventario`.`types_materials` (`id`)
    ON DELETE NO ACTION
    ON UPDATE NO ACTION,
  CONSTRAINT `manufacturer_id`
    FOREIGN KEY (`manufacturer_id`)
    REFERENCES `inventario`.`manufacturers` (`id`)
    ON DELETE NO ACTION
    ON UPDATE NO ACTION,
  CONSTRAINT `part_id`
    FOREIGN KEY (`part_id`)
    REFERENCES `inventario`.`parts` (`id`)
    ON DELETE NO ACTION
    ON UPDATE NO ACTION,
  CONSTRAINT `model_id`
    FOREIGN KEY (`model_id`)
    REFERENCES `inventario`.`models_materials` (`id`)
    ON DELETE NO ACTION
    ON UPDATE NO ACTION,
  CONSTRAINT `status_id`
    FOREIGN KEY (`status_id`)
    REFERENCES `inventario`.`status` (`id`)
    ON DELETE NO ACTION
    ON UPDATE NO ACTION,
  CONSTRAINT `fk_division_id`
    FOREIGN KEY (`fk_division_id`)
    REFERENCES `inventario`.`divisions` (`id`)
    ON DELETE NO ACTION
    ON UPDATE NO ACTION,
  CONSTRAINT `condition_mat`
    FOREIGN KEY (`condition_id`)
    REFERENCES `inventario`.`conditions` (`id`)
    ON DELETE NO ACTION
    ON UPDATE NO ACTION)
ENGINE = InnoDB;


SET SQL_MODE=@OLD_SQL_MODE;
SET FOREIGN_KEY_CHECKS=@OLD_FOREIGN_KEY_CHECKS;
SET UNIQUE_CHECKS=@OLD_UNIQUE_CHECKS;